{
    "throttle_supply_voltage": 3.3,
    "throttle_input_min": 0.85,
    "throttle_input_max": 1.85,
    "throttle_output_min": 1.25,
    "throttle_output_max": 3.3,
    "throttle_factor": 1.0,
    "throttle_mode": "direct",
    "throttle_power_max_w": 500.0,
    "throttle_speed_max_kmh": 50.0,
    "throttle_mix_speed_kmh": 20.0,
    "throttle_mix_hyst_kmh": 3.0,
    "throttle_control_gain": 0.25,
    "throttle_filter_alpha": 0.3,
    "throttle_ratio_alpha": 0.4,
    "throttle_torque_ref_speed_kmh": 10.0,
    "brake_supply_voltage": 3.3,
    "brake_input_min": 0.85,
    "brake_input_threshold": 1.6,
    "brake_input_max": 1.85,
    "brake_output_min": 1.5,
    "brake_output_max": 3.3,
    "brake_factor": 1.0,
    "adc_tr_offset": 0.18,
    "adc_tr_scale": 1.0,
    "adc_br_offset": 0.18,
    "adc_br_scale": 1.0,
    "brake_threshold": 1.6,
    "update_period_ms": 20,
    "trip_counter_id": 0,
    "trip_counter_pin": 32,
    "trip_counter_edge": "RISING",
    "trip_counter_filter_ns": 50000,
    "trip_counter_interval_ms": 200,
    "trip_pulse_to_meter": 0.1006
}